profile_id,address
1,"7852 Webb Ville Suite 460, Michelleside, AS 81505"
1,"5112 Patrick Ranch, Pamelaville, KY 44190"
2,"USS Aguirre, FPO AA 64640"
3,"8263 Hammond Expressway, New Lisaberg, ND 47682"
3,"56655 Nathaniel Fall Apt. 142, Jessicatown, MP 83798"
4,"322 Debra Fields, New James, WY 11126"
4,"29388 Randall Forks, North Michael, NE 83738"
5,"64227 Adam Highway Apt. 753, Garciachester, LA 19360"
5,"2202 Jason Gardens Suite 178, Michelleside, GA 98425"
6,"52746 Joel Shores, Manningburgh, WI 38227"
6,"41852 Jennifer Harbors, Ballardtown, NJ 00743"
7,"USCGC Tapia, FPO AE 10383"
7,"4938 Sullivan Ports Apt. 726, Gravesland, OR 76170"
8,"14753 Lori Knoll Apt. 786, Jessicaview, MA 54092"
9,
9,"8434 Nguyen Court Apt. 416, North Davidberg, MH 02593"
10,"012 Johnny Oval Apt. 494, South Travisburgh, NJ 19820"
11,"52388 John Summit, Travisport, NM 02333"
12,"2413 Evans Island Apt. 810, East Jenniferbury, OH 06092"
12,"USNS Ball, FPO AP 85336"
13,"759 Andrea Cliffs, West Sherry, MO 19585"
13,"5812 Gutierrez Highway, Patriciahaven, VT 21202"
14,"212 Williams Row Suite 952, Lake Ruthmouth, RI 05538"
14,"20197 Amanda Tunnel, East Coreyfurt, MS 90807"
15,
15,"1309 Bradley Fields Suite 144, East Ivan, PA 61346"
16,"871 Robert Flat, West Elizabeth, MI 67838"
17,
17,"436 Kyle Drives, Smithburgh, MP 10569"
18,"61756 Parrish Overpass Suite 744, West Josephmouth, OK 26773"
18,
19,"67906 Moore Pine, South Isaac, WV 62971"
20,"96552 Lisa Extension Suite 454, North Sarah, WI 98909"
21,"81876 Cummings Causeway Suite 669, Lake Sheriton, AZ 79799"
21,"66904 Kelsey Parks, Gutierrezburgh, TX 43954"
22,"6128 Smith Squares Apt. 067, New Paigechester, VT 03892"
22,"181 Mary Creek Apt. 234, Cooperberg, LA 35829"
23,"979 Mary Place Apt. 549, Lake Drew, MN 70521"
23,
24,
25,
26,"2584 Charles Path, New Lisa, SD 57154"
27,"45997 Wise Streets Apt. 124, Clarkborough, OR 72216"
27,"959 Trevor Stravenue Suite 373, North Carrie, MA 25600"
28,"317 Hughes Unions, Brendaborough, VA 27833"
28,"877 Walker Mountain Apt. 957, South Andreashire, MD 97344"
29,"5138 Lawson Mountains, Jonesview, NC 18488"
30,"2917 Smith Rue Apt. 238, Jasonville, IN 37687"
30,"Unit 7906 Box 3736, DPO AE 13714"
31,"008 Hebert Gardens, North Brad, IL 95843"
32,"517 Troy Ford, New Michele, FM 85516"
33,"7925 Hayes Common Apt. 002, Tamaraburgh, DE 61647"
34,"2670 Wesley Coves, South Nathan, NV 70051"
35,"189 Rollins Mews, New Ryanview, SC 09277"
36,"05848 Duncan Squares, South Nathan, WY 28596"
37,"2792 Marissa Plaza, Susanfort, SC 24081"
37,"15552 Butler Meadows Suite 699, North Joseph, DE 30082"
38,"969 Maureen Pines, Conleyland, AR 44012"
38,"29583 Jones Isle, North Jerry, MO 16729"
39,"264 Nelson Circle Apt. 482, North Sarah, IN 04819"
40,"465 Sarah Ports, Byrdfort, UT 80641"
41,"2385 Matthew Manor Suite 210, Lake Meganside, MT 17212"
42,"006 Michael Union Apt. 137, Shirleybury, FM 11229"
43,"432 Moss Mountain Apt. 494, Lake Kimberlymouth, MI 02185"
44,"23822 Rios Lock, North Patrick, SD 72913"
44,"13966 Sabrina Garden Suite 584, New Denise, AR 94808"
45,"PSC 2369, Box 1486, APO AP 72412"
45,"64714 Andrew Lakes Apt. 944, Chambersburgh, MD 87590"
46,"15696 Nichole Dam Apt. 523, South Terrimouth, ND 54309"
47,
47,"7068 Martinez Pike, Petersport, ND 99847"
48,"3818 Jennifer Grove Suite 171, Gonzalezport, HI 78773"
49,
49,"771 Nash Center Apt. 657, South Brian, NJ 99792"
50,"461 Phillip Rapid, Lake Matthew, DC 08374"
51,"44513 Brown Stravenue Suite 071, North Sarahside, WA 40045"
52,"95942 Townsend Gardens Suite 786, South Johnton, DE 90061"
53,"261 Walsh Estate Apt. 349, East Craig, OH 24538"
54,
54,"99678 Jonathan Inlet Suite 521, New Aaronstad, MS 27238"
55,"2763 Yang Ville Suite 284, Hallport, NJ 59493"
55,"PSC 7379, Box 8182, APO AA 46090"
56,"15473 Oconnor Mountains, Lake Josephchester, NY 62102"
56,"48704 Parker Mission Apt. 767, East Anthony, VI 50201"
57,"675 Stephens Rapid Suite 884, Dawnport, WY 12951"
57,"612 Harvey River Suite 982, Wilsonhaven, NE 59346"
58,"57226 Mario Lake Apt. 920, East Dennisview, PA 54442"
58,"278 Justin Drive Apt. 312, West Sherrimouth, KY 80959"
59,"51808 Roberts Plaza, New Brett, OH 24924"
60,"5351 Johnson Ramp, New Richard, PA 71115"
60,"69768 Danielle Extension, North Jasonfort, DE 45520"
61,"271 Sanders Ville, Fieldsborough, MD 24153"
62,"46909 Barnett Greens Apt. 613, Lake Rachelbury, MS 23676"
63,"1131 Marcus Forest, Matthewbury, GU 19479"
64,"028 Hampton Forges, Bradleymouth, MT 08532"
65,"79009 Chase Trafficway Apt. 490, Josephburgh, NH 05191"
65,"743 Hill Stream, Wolfechester, GU 24402"
66,"049 Joseph Plain, Feliciahaven, NY 87650"
67,"71917 Dalton Bypass, Allenberg, CO 69980"
68,"PSC 3508, Box 6139, APO AP 44110"
68,"026 Taylor Turnpike, South Sandra, CT 55667"
69,"682 Wood Forest, South Michael, NJ 36491"
69,"700 Williams Center Apt. 689, Ayalatown, ID 30204"
70,"2141 Long Loaf Apt. 524, Petersonland, DC 86460"
71,"8607 Smith Village Suite 698, Thomasport, WY 23350"
72,"07508 Williams Inlet, Williamsberg, MA 17462"
72,"1620 David Mountain, New Maryshire, AR 24685"
73,"662 Tabitha Spurs, West Jennyton, KS 91798"
74,
75,"17283 Mandy Square Apt. 951, Dixonton, TX 71833"
75,"Unit 9603 Box 5919, DPO AE 14330"
76,"750 Morgan Course, Clarkechester, WV 09109"
77,
78,
78,"096 Bowen Extension, Port William, VI 35970"
79,"359 Jenny Path Suite 284, East Jasonshire, AZ 70000"
79,"89774 Aaron Way, Terrybury, ID 37546"
80,"744 Joanna Fields Apt. 240, Lopezmouth, NE 48476"
81,"508 Newman Lane, Pattersonfurt, NH 32248"
81,"PSC 3252, Box 9883, APO AP 94878"
82,
83,"0616 Timothy Islands Apt. 434, East Isaac, WV 92374"
83,"3984 Mary Canyon, Tamarafurt, NY 38136"
84,"PSC 6473, Box 2954, APO AA 96453"
85,"478 Hannah Isle, West Karina, AS 98517"
85,"108 Russell Light, West Jasonshire, MD 36476"
86,"71461 Woodard Extensions, South Michelemouth, MT 64387"
87,"599 Jones Isle Suite 510, Perezland, MI 03466"
88,"53703 Woods Via Suite 717, East Jordan, MN 91007"
88,"93067 Brian Highway, Port Benjaminmouth, WI 93992"
89,
89,"0504 Ramirez Harbors, Mullenfurt, MH 83097"
90,
91,"9557 Tapia Track Suite 323, South Williamtown, DC 55987"
91,"2833 Palmer Shoal, Port Scott, AS 70622"
92,"81529 Smith Islands Suite 608, North Michelleshire, VT 95985"
93,"7843 Campbell Stream, South Lawrencefurt, KS 40239"
93,"Unit 5155 Box 4280, DPO AE 19282"
94,"19455 Christopher Green, South Carlashire, NM 46674"
94,"380 Jackson Freeway, South David, FL 70328"
95,"Unit 7936 Box 1359, DPO AE 67483"
96,"47510 Brittney Key Apt. 419, North Nathantown, IL 31122"
97,"5736 Gomez Plaza, Sarahshire, TN 33773"
97,"68548 Knapp Road, South Carolynville, AL 18593"
98,"22368 Ashley Plains, Lopezfurt, DE 65824"
99,
99,
100,"96626 Collins Ways Suite 011, New Randallchester, AL 46055"
100,"41667 Burnett Club Apt. 012, East Joshuaborough, SD 32637"
101,"USS Johnson, FPO AA 96738"
101,"Unit 4216 Box 3896, DPO AP 35153"
102,"4907 Frazier Prairie Apt. 186, Meyerton, KY 13087"
102,"99023 Gina Grove, East Sierra, HI 17175"
103,"375 Johnny Shore Apt. 024, Lake Hannahfort, ND 16258"
103,"PSC 7297, Box 1320, APO AE 87752"
104,"242 Aguilar Canyon Apt. 128, Scottland, WY 70047"
104,"2088 Joshua Plaza Apt. 903, Lake Racheltown, GA 73307"
105,"155 Mary Meadows Suite 232, Port Mackenzie, NH 59481"
105,"195 Jasmine Track, Jamesshire, AZ 11250"
106,"1005 Glenn Alley, Harriston, MN 64084"
107,"166 Tina Green, New Marcus, AS 27698"
107,"42222 Norton Oval Apt. 825, Amyside, PW 78768"
108,"7573 Jordan Crescent Apt. 865, Mcgeeville, ID 38225"
109,"PSC 2101, Box 3999, APO AE 02040"
109,"USS Golden, FPO AA 28905"
110,
111,"596 Fisher Valleys, Leeburgh, AS 23352"
112,"84184 Warner Skyway Apt. 678, West Eric, CO 92075"
112,"437 Moore Curve, West Melissamouth, IN 35407"
113,"21524 Andrea Shoal Apt. 084, Stephenside, FL 91770"
114,"37419 Madden Prairie, East Caroline, PR 80971"
115,"75064 Hampton Prairie, Jerryfurt, MT 70302"
116,"859 Austin Underpass Suite 397, South Scott, LA 33279"
116,"90904 David Gardens, New Michael, HI 70230"
117,"74047 Nicholas Square Suite 400, Contrerasmouth, MA 25157"
117,"53558 Preston Lock, Robertshaven, RI 24381"
118,"970 Stephanie Views Suite 568, Lake Royview, IA 12984"
119,"553 Matthew Keys Apt. 002, East Franklin, LA 34991"
119,"2785 Aaron Throughway Apt. 971, Port Carolinemouth, IN 45974"
120,"94672 Nixon Course Apt. 337, South Juliehaven, RI 51051"
120,"639 Matthew Hills, Arielmouth, VT 49144"
121,"835 Rogers Terrace, Roberthaven, GU 48693"
121,"10523 Woods Curve, Owensside, NH 08926"
122,"98252 Selena Burgs, New Charles, MN 52272"
123,"69494 Brown Expressway Suite 916, Hubbardmouth, VI 21051"
124,"1271 Mathis Shoals Apt. 824, North Carolyn, MA 72077"
124,"USS Stanton, FPO AA 25444"
125,"6282 Murphy Via Apt. 792, Jessicafurt, SD 89078"
126,
127,"56646 Timothy Land, Lopezborough, SD 75006"
127,"USNS Vaughn, FPO AE 89902"
128,
129,"128 Monica Meadow Suite 076, Lake Jenna, OH 59008"
129,"40307 Stephanie Ridges Apt. 991, North Amanda, MD 71679"
130,"7206 Jackson Roads, Dylanside, CA 49650"
131,"83426 Schultz Ferry Suite 787, West Edwardside, AL 10430"
131,"083 Jeanette Dam, Lake Marie, NE 68981"
132,"682 Collin Extensions, Phillipston, OK 65046"
133,
133,"39631 April Shores, Harrisfort, MS 90232"
134,"4192 Sharon Lake, New Danielfurt, TX 89817"
134,"Unit 0575 Box 4290, DPO AA 27902"
135,
135,"2681 Nichols Crossing, Smithfurt, GU 49587"
136,"USCGC Thomas, FPO AE 78574"
136,
137,
137,"277 Rodriguez Motorway, Elizabethside, OR 86347"
138,"6845 Jamie Cliff Suite 798, Port Hannah, AK 69893"
138,"86532 Brandi Plains Suite 534, Lake Michaelton, IA 01385"
139,"38432 Myers Street, New Michael, KY 22622"
139,"99707 Dwayne Club Suite 638, Teresabury, MD 00814"
140,"7603 Michael Ford Suite 213, Port John, MH 87809"
140,"09618 Wilkerson Hills Apt. 435, East Amberhaven, ND 94898"
141,"4058 Jenkins Groves, Martinezborough, IL 07209"
142,"248 May Drive Suite 894, North Andre, GU 63829"
142,"859 Holden Mission, Marktown, PW 91179"
143,
143,"5359 Williams Landing Apt. 320, East Andrew, IL 39092"
144,"02607 Calvin Island, New Christinaside, RI 28849"
145,"868 Linda Drive Apt. 392, North Robert, GA 32924"
146,
147,"37643 Cantrell Track, North Nicholasbury, RI 88207"
148,"0793 Adams Crossroad, Michaelfort, PR 01472"
149,"USS Harris, FPO AP 57296"
149,"5327 Bradford Rapids Suite 590, Barrymouth, NM 42384"
150,"74568 Brian Villages, New Daniel, MA 13228"
150,"9774 Mark Plains Apt. 779, West Aaronstad, KS 47908"
151,
152,"2582 Adam Forks, Graceport, NM 75494"
153,"247 Pruitt Rapid, Lake Amanda, IN 72897"
153,"5936 Dominique Inlet Apt. 952, East Heather, NE 38996"
154,"25896 Lawrence Path Apt. 304, West Christinaland, AS 27982"
154,"324 Patrick Pines, East Dylanland, WV 55173"
155,"55207 Frederick Garden, Maddenfurt, ND 85550"
156,"PSC 3118, Box 3511, APO AP 08370"
156,"646 Christy Ridges Apt. 795, Brownborough, HI 50430"
157,"164 Christina Gardens Apt. 089, Perezmouth, NY 75144"
157,
158,
158,"68716 Brenda Summit Apt. 914, North Robert, KS 54774"
159,"1885 Townsend Common, South Karenshire, KY 16448"
160,"3848 Perez Centers, Port Michael, FM 32132"
161,"1991 Kimberly Springs Apt. 016, North Troy, MD 01642"
162,"984 Murphy Groves Suite 010, Medinachester, KY 23807"
163,"94628 Lane Cove Apt. 717, Adrienneton, WV 70167"
164,"2084 Beasley Road Suite 234, Josephhaven, LA 95960"
165,"7600 Hebert Cliffs Apt. 821, Tabithafurt, SD 43659"
166,"56705 Carolyn Track Apt. 236, North Lisaview, NY 26117"
166,"833 Sara Wells, Gonzalezbury, MI 26397"
167,"69947 Michael Ramp Apt. 627, North Paigeburgh, DE 38520"
167,"076 Gonzalez Street, Olsontown, OK 55854"
168,"3941 Victoria Pine, Christopherside, HI 41640"
169,"PSC 9785, Box 6214, APO AE 71657"
169,"10263 Soto Ramp, Castillostad, VT 56176"
170,"Unit 7852 Box 9291, DPO AE 06322"
171,"4412 Victoria Underpass, Port Tammyville, TN 95757"
171,"USNS Barnett, FPO AP 29223"
172,"2509 Smith Fall, South Thomas, PW 90589"
172,
173,
174,"826 Henderson Ridges Suite 137, Collinsville, ID 96535"
174,"31506 Michael Corners, Brettville, FM 70038"
175,"8222 Warner Island, Michaelview, RI 95440"
175,"8203 Kelly Viaduct Apt. 731, West Alyssa, WY 24004"
176,"29226 Brown Manor Apt. 676, Port Savannah, NY 97245"
176,"1448 Smith Port Apt. 261, Shirleyside, GU 69130"
177,
177,"8147 Martin Villages, East Ryanstad, WY 17217"
178,"41533 Coleman Place Apt. 411, Lake Danabury, AR 96047"
179,"Unit 1985 Box 3882, DPO AA 33344"
180,"183 Collins Pines, Jeremyburgh, AZ 05295"
181,
181,"764 Harrison Shoals Suite 807, South Michelle, CO 03741"
182,"219 Alvarez Views Suite 020, Williamsfort, SC 91401"
182,"43510 Stephens Green, West Michaelabury, CA 61678"
183,"67619 Robert Union, New Steven, TN 28670"
184,"9574 Jason Branch, Edwardsmouth, PW 30312"
184,"7081 Gordon Manors Apt. 606, North Elizabeth, WY 88998"
185,"Unit 9675 Box 6924, DPO AE 49848"
185,"PSC 0677, Box 2634, APO AP 04182"
186,"2151 Danny Fork, Michellemouth, IA 67877"
187,"108 Brittany Greens, Pacestad, MT 90278"
188,"072 Colton Divide, Port Mark, NM 95538"
188,"72562 Tammy Loop Suite 371, Vazquezfurt, WI 13916"
189,"USNS Baker, FPO AA 40481"
189,"66879 Anna Gardens, Padillaland, NE 64173"
190,"9518 Nicole Extensions, New Alison, PW 53705"
190,
191,"952 Ashley Loop, Mitchellchester, MP 73573"
192,"36127 Anna Extensions, New Vanessaville, PA 77595"
193,"340 Katelyn Wall, Lake Amber, MH 47323"
194,"4988 Brittany Mountain Suite 045, Jenniferport, ID 14790"
195,"548 Garcia Parkway Apt. 037, Youngside, MS 42919"
196,
196,"56576 Lopez Roads, Michelletown, KS 68368"
197,"66933 Murray Manors, South Lisa, OK 88971"
197,"5544 Paul Locks, Laurenside, KY 32704"
198,"54024 Guzman Centers Apt. 321, Edwinside, OR 84572"
199,"65479 Monica Streets Suite 319, Palmerberg, VA 32965"
199,"11768 Tracy Forge Apt. 430, Lake Nicoleport, NE 34659"
200,"011 Jones Knoll Suite 809, Kevinchester, MP 36731"
201,"16622 Hunt Coves Suite 136, Carterchester, NE 98703"
201,"797 Danielle Drive Apt. 030, South Davidhaven, LA 74160"
202,
202,"4954 Melissa Place Apt. 678, Johnsonfurt, PW 15674"
203,"043 Heather Glen Apt. 940, Lisaton, NV 71449"
203,"4193 Sellers Divide, Patriciahaven, FL 18158"
204,"4247 Aaron Roads Suite 873, West Haley, IL 77423"
204,"68603 Maria Run, Lake Amanda, AS 09070"
205,"Unit 0701 Box 5530, DPO AA 31649"
205,
206,"7963 Kathleen Mill Apt. 358, Angelaborough, CA 88421"
206,
207,"58696 Alicia Groves, North Laura, ME 71265"
207,"26689 Suzanne Landing Apt. 405, Freemanfort, WI 25691"
208,"5368 Clements Rue, South Christophertown, IL 55943"
208,"889 White Springs Suite 083, Port Cynthiamouth, HI 85231"
209,"Unit 3796 Box 0433, DPO AA 10629"
209,"9370 Mason Parks, South Larry, MP 33682"
210,"27040 Brian Views, Hannahport, MA 26733"
210,"038 Stanley Plains, East Lisa, CO 64555"
211,"Unit 1496 Box 5282, DPO AP 55518"
212,"69590 Kyle Trace Apt. 141, Gonzalezstad, HI 80230"
212,"4568 Ortiz Square Suite 300, South Trevor, WY 62572"
213,"1519 Rodriguez Drives, Seanhaven, LA 71164"
214,"87523 Chandler Parkways, Monicaside, MI 58602"
214,"681 Harrison Crossroad Suite 843, Juliefort, HI 08905"
215,"774 Mckinney Turnpike, Terrichester, MP 33588"
215,"64439 Gardner Harbors, West Mary, MA 99600"
216,"60534 Brittney Prairie, Murphymouth, AS 13169"
216,"8381 Angelica Mountains Suite 741, Timothyfort, DC 83704"
217,"9565 Bowen Mountains, Barnetthaven, TN 10081"
218,"972 Conner Rest, Carterview, MP 57763"
218,"5622 Kyle Flat, Stephenburgh, LA 30050"
219,"3803 Thomas Garden Apt. 129, Dalemouth, CA 49637"
219,"12420 Lee Drive Suite 434, Port Lisa, FL 69801"
220,"1876 Jason Rest, Josephton, MS 60915"
221,"4529 Gray Wells, West Rebecca, MS 40695"
221,"24381 Michelle Ridges Apt. 204, South Danielside, TN 95177"
222,"PSC 0974, Box 9622, APO AA 22179"
223,"Unit 0357 Box 3248, DPO AE 55713"
223,"28556 Melissa Squares, Bellland, AK 82474"
224,
224,"818 Janet Plaza, New Nancy, TX 85570"
225,"964 Johnson Ports, Lake Samantha, MN 47299"
226,
226,
227,
228,
229,
230,"95851 Heidi Prairie, West Jenniferview, MO 16107"
231,"07097 Terri Ramp, Kellyborough, NV 08657"
231,"177 Carter Landing Suite 131, Anthonybury, KS 00675"
232,"83109 Parks Orchard, West Johnview, GU 27231"
232,"30445 Norris Isle, Mendozafort, SC 66475"
233,
233,"44703 Amy Ways Apt. 197, Jodiview, ND 63300"
234,"Unit 4724 Box 4232, DPO AP 61192"
234,"4447 Shannon Vista Suite 679, West Robert, CA 59568"
235,"42936 Tommy Island, West Lynn, VA 14147"
236,"PSC 5948, Box 2862, APO AA 82778"
236,"462 Harris Lane Apt. 371, Lake Shawnmouth, FM 48849"
237,"Unit 8309 Box 3953, DPO AE 63828"
237,
238,"690 Mary Drive, New Jasmineborough, PA 88794"
239,"95074 Kevin Islands Suite 760, Christopherside, MA 36796"
240,"2139 Cynthia Causeway Suite 491, North John, FM 56732"
240,"287 Melton Flat, North Michael, DC 60891"
241,"0350 Anna Fields Suite 281, Port Brandyburgh, CO 53193"
241,"Unit 7859 Box 9780, DPO AE 87724"
242,"21051 Rios Plaza Apt. 603, North Megan, WY 96790"
242,"0473 Jamie Rue Suite 556, Jenniferland, WV 74048"
243,"5424 Edward Skyway, North Alisonberg, SC 02495"
244,"5557 David Locks Suite 522, Arellanomouth, VI 60895"
244,"816 Joseph Bypass Apt. 548, South Brian, MA 62896"
245,"Unit 9358 Box 1921, DPO AE 36222"
245,"577 Jackson Creek Apt. 867, Port Margarettown, GA 10745"
246,"516 Johnson Prairie Apt. 978, South Courtney, OK 11155"
246,"00755 Ray Expressway, Karinaside, ID 48470"
247,"Unit 7010 Box 6554, DPO AP 98262"
247,"50364 Blair Walks Suite 270, New Levi, LA 98927"
248,
248,"92068 Turner Club, South Aaron, NV 30158"
249,"56366 Allen Plain, Howellview, TN 27717"
250,"966 Peter Corner Apt. 808, Huntchester, KY 86756"
251,"65243 Keith Trail, Jessicaview, MA 90247"
251,"Unit 3748 Box 3133, DPO AP 93578"
252,"57462 Hoffman Cliffs Apt. 159, South Keithhaven, GU 47147"
253,
254,"564 Richard Grove Apt. 469, Lake Christine, NJ 68850"
254,"788 Jon Parkways Suite 874, New Lanceview, AL 51219"
255,"04009 Williams Camp, Crawfordbury, MI 50320"
255,"9301 Ryan Street Apt. 506, West Margaret, MA 77548"
256,
257,"Unit 9941 Box 2544, DPO AA 98828"
258,"222 Travis Plain, Austintown, PW 98652"
259,
259,"73794 William Estates, East David, VA 01795"
260,"491 Santiago Roads, North Alexandramouth, SD 11505"
260,"009 James Branch Apt. 586, South Pamela, MH 60760"
261,
261,"3955 Rogers Trafficway, Williamsview, PA 76085"
262,"891 Warner Rest Suite 267, Angelaland, IL 97711"
263,"968 Haley Vista Suite 371, Allenland, VI 59289"
263,"632 Tamara Way, Coxview, OR 64226"
264,"0939 Anna Drive Apt. 813, Jessicahaven, RI 45620"
265,"8843 Jordan Motorway, Fisherport, CT 84785"
266,"5061 White Brook Suite 843, West Sandra, AK 89446"
267,"354 Debbie Stravenue Suite 146, Lisabury, WA 83695"
267,"32160 Michelle Drives Suite 863, Katherinefurt, FL 62047"
268,"66161 Tyler Fort, North Angelaport, UT 71500"
268,"58596 Lauren Street Apt. 243, South Matthewbury, OR 76814"
269,"05577 Smith Streets Suite 011, East Calvin, VI 85602"
269,"560 Vargas Summit Suite 451, Port Ashleyview, UT 72636"
270,"9822 Arellano Pike Apt. 439, Stephaniefurt, NJ 10364"
270,"2502 Ashley Skyway Apt. 027, Grahamborough, NH 97558"
271,"38605 Andrew Crescent Apt. 685, Perezborough, ME 04104"
271,"360 Snow Prairie, Christianhaven, KY 29225"
272,"75394 Jennifer Garden, Natalieland, ME 86754"
272,"6140 James Point, Kimside, SD 52309"
273,"714 Benson Summit, Lake Melissa, MA 01205"
273,"USNS Kennedy, FPO AE 94582"
274,"68314 Gregory Hill Suite 199, Lisatown, PW 40325"
275,"10886 Steven Shoal Apt. 539, East Kimberly, DE 64843"
276,"785 Vasquez Lake, Owensmouth, AK 76039"
277,
278,"20225 Eric Shoals, West Rebecca, FL 36194"
279,
279,"246 David Islands, Sandovalmouth, PR 85720"
280,"USS Martin, FPO AP 28643"
280,
281,"7091 Vincent Rest Apt. 891, Cindyview, CT 94146"
282,"99614 Tiffany Isle, Lake Amy, FM 06045"
283,"622 James Village Apt. 679, Janemouth, MO 43325"
284,"03402 Gary Trace Apt. 578, Kristyborough, LA 17995"
285,"13521 Davidson Ferry Apt. 292, West Rebecca, AL 36590"
286,"35062 Peter Ramp Apt. 342, East Johnland, NC 53139"
287,"4711 Fuentes Mission Apt. 257, New Destinyport, MT 31538"
288,
288,"84060 Kimberly Ports, Port Lindsey, MO 87460"
289,"43670 Davidson Forge, Raymondshire, WA 78409"
290,"884 Leonard Avenue Suite 103, Martinezhaven, CT 68398"
291,"205 Mitchell Circle Suite 258, Port Brent, MP 98455"
292,"84303 Diaz Mount, Lake Deanna, AL 63478"
292,"13933 Steven Stravenue Apt. 914, West Christopherton, IN 32291"
293,"2638 Travis Row, East Chris, MO 24470"
293,
294,"596 Davidson Bypass, Port Christophershire, IL 97393"
294,"8662 Jennifer Manors Apt. 808, Michaelbury, IL 41143"
295,"81579 Payne Pike, East Christopher, PR 40708"
296,"0827 Price Flat Apt. 620, Ericmouth, AK 63376"
296,"94937 Acevedo Light Suite 658, Jamesborough, KY 95061"
297,"4880 Christopher Cove, East Paulton, GA 92103"
297,"59863 Hunt Course, North Dennisburgh, FL 49127"
298,"0085 Bullock Coves, Jordanside, AL 93420"
298,"7711 Jones Underpass Suite 221, Teresaborough, LA 50327"
299,"728 Rodriguez Crossing Suite 208, Millshaven, DC 45345"
299,"PSC 9493, Box 2734, APO AP 64330"
300,"4681 Sarah Flats Suite 006, Jessicachester, MN 29032"
301,"73093 Barry Locks Suite 482, Lake Elizabethside, MD 23515"
302,"Unit 3319 Box 5044, DPO AE 55648"
302,"16191 Amber Inlet Suite 413, Smithmouth, PA 33170"
303,"84175 Crystal Via Suite 567, Port Heather, WY 49981"
303,"4106 Butler Avenue Suite 084, Thomasport, GU 22819"
304,"Unit 2504 Box 5834, DPO AP 50031"
305,
305,"PSC 0340, Box 7886, APO AA 33175"
306,"7023 Kent Unions, Tammyhaven, IL 44993"
307,"533 Samuel Manor, West Jackie, WV 34160"
308,"015 Reynolds Mews Apt. 307, North Angelhaven, PR 18367"
308,"USS Washington, FPO AP 07413"
309,"7371 Richards Landing Suite 220, Port Geoffrey, AL 65613"
309,"8419 Adams Plains, South Eric, PW 05385"
310,"259 Bradley Plains, New Erika, AR 47152"
311,"7914 Johnny Glen Apt. 040, Johnsonbury, RI 12270"
311,"02910 Lisa Row Suite 162, West Jennifermouth, OH 56585"
312,
313,"386 Donald Plaza, Pittshaven, CT 19906"
314,
314,"15099 Myers Drive Suite 994, Sarahstad, GA 54629"
315,
315,"81151 Jody Groves Suite 372, Leachland, MN 37440"
316,"774 Lewis Stream, Apriltown, OR 23610"
317,"59936 Rowe Springs, Gallagherstad, MO 92298"
318,
319,
320,"0491 Nancy Drives, Jasontown, FL 35705"
320,"3935 Wilkins Square, East Rebecca, NE 26676"
321,
321,"384 Kathryn Estates Suite 455, Amyfort, ME 94893"
322,"PSC 4788, Box 9807, APO AE 98072"
323,"25033 Johns Estate Suite 079, Angelafurt, PR 66279"
324,"8357 Matthew Route Apt. 665, Ryanberg, WA 44836"
325,"056 Cassandra Ridge Suite 118, Jessicafurt, MT 63559"
326,"432 Nicole Estates, West Tammy, WY 70909"
327,"0890 Elizabeth Summit, Hillhaven, IN 65919"
327,
328,"934 Jones Junctions Apt. 931, West Jasonmouth, CO 43358"
329,"PSC 1435, Box 1613, APO AP 60950"
330,"5381 Krista Ridges Apt. 960, New Eric, RI 17718"
330,
331,"6294 Erica Meadow Suite 998, Emilymouth, GU 13904"
331,"Unit 1183 Box 9017, DPO AE 87843"
332,"988 Harris Underpass Apt. 365, Wrightside, WY 59034"
333,"8208 Wright Avenue, New Stevenberg, NH 33637"
334,"9096 Gregory Fields, Huffborough, NY 51814"
335,"606 David Isle, North Kimberg, MA 22986"
335,"72070 Lisa Pike, Kevinfort, NH 25132"
336,
336,"52640 Gonzales Lakes, Marcusburgh, PR 56522"
337,"69046 Jason Stravenue, Petersonfurt, NJ 24323"
337,
338,"0754 Martinez Mountain Suite 513, Port Leahville, MH 06679"
338,"28471 Whitaker Causeway Suite 032, Port Douglasstad, GU 04576"
339,"6211 Dustin Stravenue Suite 439, Port Gabriella, NM 04866"
340,"71281 Reynolds Harbors Apt. 056, Johnsonstad, VI 95938"
341,"198 Macias Plaza, Perezport, UT 69653"
341,"1685 Monroe Drive, North Alexisfort, CO 42923"
342,"857 Andrew Circle, North Michaelbury, MD 03034"
343,"5054 Christine Oval Apt. 705, North Makayla, ND 65384"
344,
344,"PSC 4991, Box 1538, APO AA 16244"
345,"717 Mikayla Center, East Tyler, MA 11403"
345,
346,
347,"0818 Robinson Hollow, Jackiefort, OH 30011"
348,"536 Michael Passage, Andreaburgh, NH 19073"
349,"30969 Hodge Fall Suite 286, Melissaberg, MD 33947"
349,"361 Joshua Forges Suite 691, Wendystad, AS 07545"
350,"5239 Williams Prairie Suite 574, Susanport, NV 06307"
351,"5442 Perez Throughway Apt. 021, Davenportfurt, HI 60475"
351,"USNS Pope, FPO AE 99546"
352,"782 Tina Ville Apt. 844, North Seth, MP 27811"
353,"5609 Shannon Springs Apt. 396, New Hectorville, ME 12190"
354,"6233 Moreno Loop Suite 800, South Randall, UT 74167"
354,"601 Johnson Inlet Apt. 363, Port Brittney, MT 01731"
355,"7631 Huffman Drive Apt. 959, Jacksonport, GA 74534"
355,"87738 Tracy Summit Apt. 578, North Tammie, TX 96606"
356,"004 Christopher Shoals Suite 139, East Davidbury, TN 18068"
356,"PSC 1200, Box 7970, APO AE 10706"
357,"Unit 6384 Box 2643, DPO AE 72813"
357,"554 Taylor Skyway Apt. 351, Markfort, PR 35755"
358,"434 Gregory Falls, Swansonstad, MO 15053"
359,
360,"07747 Scott Forks, Adrianmouth, TN 61339"
361,"685 Tracy Dam, Allenville, AK 80897"
361,"5580 Reynolds Plaza Apt. 732, Williamsport, WV 40252"
362,"7914 Wheeler Ridges Apt. 139, North Ashley, SD 89281"
362,"807 Harrington View Apt. 836, Pamelaton, GU 75291"
363,"6100 Castillo Springs, New Jamesview, NY 45294"
364,"99095 King Trafficway Apt. 895, South Joshua, VT 02623"
365,"USNV Gonzalez, FPO AE 53471"
366,"03275 Carlson Freeway Apt. 851, Mikaylaland, TN 39218"
366,"06281 Veronica Dale, Chavezstad, TN 12960"
367,
367,"2555 James Walk, North Michael, TX 04290"
368,"740 Martinez Haven, Marshallberg, KY 62564"
369,"1485 Andrea Row Suite 203, Jenniferstad, MD 84422"
370,"1147 Valerie Via, New Matthewfurt, WY 16494"
370,"0148 Amanda Divide, Michaelfort, WY 25853"
371,"51032 Amber Village Apt. 856, Port Stephenbury, UT 59597"
372,"88243 Randy Path Suite 734, Victoriaside, KS 62632"
372,
373,"82678 Ward Glen Suite 322, Angelaside, FM 07752"
373,"69586 Jordan Turnpike Apt. 249, Torresview, MH 64556"
374,"833 Hunter Park Suite 026, West Richardville, PW 71317"
375,"PSC 6509, Box 9924, APO AE 37681"
376,"9229 Nicholson Courts Apt. 482, North Hannah, PW 31663"
377,"8217 Contreras Parks Suite 837, North Crystalland, TN 66708"
378,"31452 Daniel Square Suite 532, East Teresa, AL 88785"
379,"165 Jon Crescent Apt. 873, Lake Michael, CT 18324"
380,"PSC 3731, Box 4296, APO AA 89075"
381,
381,"056 Martin Trail, South Monicashire, MT 34817"
382,
382,"18711 Strong Falls, North Bradley, NC 21612"
383,"88458 Johnston Trace, West Rebeccaside, SD 03638"
384,"9267 Hayes Summit Apt. 754, Bethville, SD 18615"
385,
386,"USNV Cooper, FPO AP 41611"
386,"49035 Rivera Forges Apt. 920, East Sandratown, MP 51763"
387,"58645 Gray Flat Suite 864, Krausemouth, MD 05062"
388,"02336 Richardson Orchard Suite 497, Lake Andrew, GU 24344"
388,"621 Castillo Shores, North Javier, OR 99896"
389,"545 Campbell Landing Apt. 805, Michaelland, CA 64969"
389,"176 Beard Islands Apt. 934, Danieltown, LA 06504"
390,"65555 Matthew Road, Williamview, KY 01603"
391,"3411 Rhonda Camp Apt. 561, Nicolemouth, AZ 45537"
392,"0597 Rachel Land Suite 750, Rogersland, WI 65140"
392,"528 Katie Path, Wilsonside, TN 86351"
393,"68532 Castillo Glens Apt. 216, North Aaronmouth, TN 76191"
394,"646 Clayton Fall, Sandovalport, IA 40008"
394,
395,"501 Fox Junction, East Cynthiaburgh, WV 37440"
395,"400 Nguyen Brooks Suite 424, Lake Amanda, CA 13296"
396,"7691 Larson Freeway, Wagnerhaven, HI 55819"
396,"4099 Sellers Mountains Suite 512, Turnerland, IA 94933"
397,"PSC 3871, Box 1341, APO AA 83664"
397,"40843 Hull Fall Apt. 369, Lake Shannonberg, VA 93049"
398,"2967 Taylor Fort Apt. 107, North Amandachester, NH 80207"
399,"Unit 9288 Box 2870, DPO AA 66927"
400,
401,"45531 Michael Keys Suite 396, Simpsonside, MI 81959"
402,"USS Cunningham, FPO AA 41608"
403,"981 Clayton Tunnel Apt. 943, Port Richard, SD 95561"
404,
404,
405,"190 Deleon Knolls, New Justin, MI 47312"
405,"1501 Moran Inlet, Johnsonchester, IN 68013"
406,"98663 Nicole Loop, Justinland, AL 40579"
406,"897 Bradley Highway Apt. 375, Destinymouth, MN 46498"
407,"USS Cameron, FPO AE 02232"
408,"54668 Fred Village, Lake Edward, ND 06133"
408,"Unit 5718 Box 4004, DPO AE 56895"
409,"7607 Ayala Walks, Lake Sheila, NY 14194"
410,
411,"747 Lopez Tunnel Suite 295, West Samuelbury, VA 74755"
411,"248 Jennifer Forks Apt. 672, South Jessicabury, MO 64600"
412,"36809 Ball Plaza, New Jamieborough, IA 53997"
412,"1651 Gardner Points Suite 034, Phelpsview, MT 27839"
413,"8064 Catherine Mission, Port Lori, CT 49073"
413,"9512 Davidson Trail, North Eric, VA 68563"
414,"178 Robert Island, South Tracyberg, MI 98810"
415,"Unit 4766 Box 1658, DPO AA 26615"
415,"1558 Ibarra Prairie Suite 963, Lake Jackieview, WI 48426"
416,"041 Dorsey Forges Apt. 436, West Jamieside, DC 75950"
416,"713 Gregory Burgs, Gonzalezport, VI 15347"
417,"144 Smith Wall, Kochfurt, UT 04747"
417,"89284 Jennifer Spring Apt. 213, New Billyfort, AZ 03056"
418,"USNV Miller, FPO AE 27040"
418,"2853 Ryan Key Apt. 747, West Jenniferhaven, DE 15193"
419,"Unit 1498 Box 9659, DPO AP 57291"
419,"02906 Mendez Causeway, Vasquezside, SD 36606"
420,"178 Nicholas Junction, Nicolefort, NY 05227"
420,"395 Theresa Light, North Amandabury, UT 68922"
421,"335 Valerie Springs Suite 769, New Timothymouth, MD 61270"
421,"416 Michael Forks Apt. 691, Jessicaberg, AL 40630"
422,
422,"02910 Moore Manors, North Nicole, OH 91625"
423,"421 Garcia Forest Suite 800, West Raymondville, IL 73167"
423,"26119 Robinson Square, Nelsonmouth, CA 16336"
424,"32050 Nicholas Stravenue Apt. 525, Sarahmouth, IN 41928"
424,
425,"6131 Amanda Meadow Apt. 137, Lake Michaeltown, MD 76375"
425,"000 Kenneth Glens, Haydenfurt, MH 54278"
426,
426,"350 Gary Pass Suite 510, Smallport, NH 86221"
427,
427,"206 Tonya Knoll, Lake Melissa, WI 16953"
428,"0376 Amanda Fords, South Stephanie, MN 74348"
428,"4094 Scott Light, Smithstad, LA 29722"
429,"33854 Alexander Plaza, Alyssamouth, NE 30549"
429,
430,"7524 Hill Throughway Apt. 726, Billyshire, AL 19148"
431,"287 Annette Villages, Joshuaview, MN 07563"
432,"7351 Anderson Wells Suite 528, Stevenstad, GA 52483"
433,"011 Blake Turnpike, North Michele, GU 91203"
434,
435,"0382 Lee Knoll Apt. 518, Lake Brenda, FL 88864"
436,"23290 Donald Parkway Apt. 665, Smithborough, LA 95356"
437,"5689 Todd Mountain Suite 238, Hardinside, NM 57241"
438,"2724 Olsen Lane, Port Brianaside, DC 34873"
438,"3138 Valenzuela Walk Suite 790, North Roy, CT 02868"
439,"USCGC Ryan, FPO AP 91565"
440,"4903 Munoz Well Apt. 542, Port Christine, TX 87935"
441,"845 Fisher Stravenue, Cortezchester, NC 40565"
441,"Unit 8662 Box 5122, DPO AP 18655"
442,"193 Davis River Apt. 919, Crystalberg, KY 63692"
443,"89227 Lewis Station Suite 344, West Ronaldtown, PW 25121"
443,"125 Anthony Knoll, Aliberg, FL 96590"
444,"34960 Justin Wall Apt. 813, Turnerchester, MT 21195"
444,
445,"56170 Randy Ways, Macdonaldtown, NJ 07669"
445,"85319 Tammy Drive Suite 875, Riversberg, WY 42770"
446,
446,"576 Linda Pines Suite 593, Spencehaven, WA 42157"
447,"74436 Brooke Parks Apt. 791, West Monica, TX 60923"
447,"7697 Sean River Apt. 242, New Edward, WA 54068"
448,"694 Jessica Rest Suite 918, Christopherchester, DC 51659"
449,"USS Davis, FPO AA 70663"
449,"92278 Autumn Rapids Apt. 039, East Williamside, ME 19442"
450,"27291 Chandler Spur Apt. 237, Amandafurt, CO 69954"
450,"32767 Hunt Radial, Wrightville, MA 03872"
451,"338 Bradley Flats Suite 379, Phillipburgh, OR 98503"
452,"940 Anthony Rest, Daltonshire, NM 03910"
453,"00932 Bell Valley Suite 752, Castromouth, HI 13104"
453,
454,"3733 Robles Estate, Mcknightland, LA 41688"
455,"0853 Daugherty Shore Suite 985, Pruittport, CO 95929"
456,
456,"9455 David Cove Suite 854, South Kennethborough, VI 49473"
457,"6861 Jennifer Drive Suite 723, North Sandra, GA 23167"
458,"364 Martin Circles, Coryborough, TN 08997"
458,"7241 Ronald Freeway, West Christopherside, SC 60084"
459,"221 Jessica Ports, Shirleyview, MO 88253"
459,"6267 Christopher Vista, Jessicabury, AR 47284"
460,"PSC 6673, Box 6325, APO AP 48895"
461,"69392 Sean Viaduct, Ryanfurt, UT 50518"
461,"15075 Goodwin Key Apt. 295, Guerreromouth, MI 51856"
462,"4863 Wilson Turnpike, Christopherside, PA 84382"
463,"003 Mark Valley Suite 284, Walkerburgh, AZ 23931"
463,"25538 Jon Pine Apt. 118, Lake Aliciatown, WV 51504"
464,"6583 Thompson Spurs, Douglasfort, OH 45209"
464,"2265 Newman Flats Suite 440, South Linda, MS 36473"
465,"99790 Lawson View Suite 740, New Michaelborough, WI 53049"
465,"1398 Shelton Island Suite 796, North Jesse, AL 70530"
466,"8389 Conley Spring, Lake Matthew, AZ 62805"
467,"545 Steven Keys, Wolfeborough, MP 76380"
467,"23238 Medina Shoal, Christopherstad, WA 98434"
468,"46865 Jarvis Island, Morganhaven, MS 55324"
468,"5203 Owens Drive Apt. 823, Stevenstown, KS 59456"
469,"3990 Donald Loaf Suite 259, Shawton, MD 41091"
469,"92441 Sanchez Spring Suite 577, New Charles, UT 60576"
470,"34034 Owens Green, East Elizabeth, SD 50679"
470,
471,
472,"Unit 2600 Box 8795, DPO AE 93518"
472,
473,"1102 Joshua Landing Suite 363, North Michelleberg, AL 74971"
473,"1199 Joseph Hill, Haleyland, AZ 57698"
474,"06867 Paul Wall, North Michaelmouth, CT 71547"
475,"USCGC Rangel, FPO AE 94358"
476,"814 Jennings Plains Suite 589, Mariaside, GA 82224"
476,
477,
478,"9292 Mark Turnpike, Mariafurt, OK 00651"
478,
479,"590 Bradley Gateway, South Renee, WA 81318"
480,
480,"2375 James Summit, Brittneyborough, AL 50102"
481,"62948 Ramirez Union, West Michael, MO 05715"
481,"089 Conner Locks, Lake Tammy, AR 34488"
482,"0219 Alexis Island, Ramirezborough, NH 09119"
483,"5333 Krueger Points Suite 874, Scottmouth, VT 28034"
483,"USS Burton, FPO AE 98792"
484,"9439 Glover Spurs Suite 205, West Kyleville, NE 85584"
484,"3415 Diane Run Apt. 463, Andrewhaven, PA 57492"
485,
486,"9790 Rebecca Plaza Apt. 480, South Kristenchester, ND 58845"
487,"76111 Christina Knolls, South Catherine, PW 10200"
488,"244 Gabrielle Viaduct, New Willie, CO 77543"
488,"162 Walters Crossroad, Bergerville, CA 50155"
489,"3587 Ryan Manors, Port Laurastad, MS 07272"
489,"039 Diaz Point Suite 712, Rogerview, CA 95431"
490,"829 Brent Land Suite 416, Melissaton, OR 37989"
491,"609 Smith Mountains, Lopezside, AR 74100"
491,"9329 Glass Way, South Marvin, DE 13524"
492,
493,"133 Sonya Trail, New Sandratown, FL 05854"
493,"088 Jay Stream, Timothyhaven, MN 61104"
494,"671 Coleman Views, East Robertburgh, UT 02530"
494,"68422 Joshua Mills Suite 814, West Paulville, TX 13443"
495,"PSC 4829, Box 5687, APO AA 41495"
495,
496,"4561 Joshua River Apt. 110, South Dana, WI 50237"
497,"052 Jessica Summit Apt. 209, Brianshire, MI 18213"
498,"PSC 6756, Box 1293, APO AA 66762"
499,"8906 Monica Cliff Apt. 582, Stephanieville, GU 74492"
499,"Unit 0637 Box 3862, DPO AE 22953"
500,"18823 Kim Cliff, West Michaelfurt, MN 40249"
500,"081 Anderson Station Suite 286, Victorshire, OH 28006"
501,"5152 Martinez Heights, Andrewburgh, SC 01128"
502,"65022 Karen Place, Lake Charlesside, OH 48222"
502,"USNV Caldwell, FPO AE 38038"
503,"31341 David Crossing, Port Shannonbury, ID 03011"
503,"0220 Ana Stream, West Roberttown, ME 36576"
504,"777 Paula Shoal Apt. 823, Fletcherville, DC 96445"
504,"215 Kayla Field, New Derrick, NE 15470"
505,"597 Tina Pass Suite 797, Sierrabury, MD 75591"
505,"4389 Pierce Streets, Port Lisamouth, MS 69132"
506,"5470 Ward Garden Apt. 390, Hunterside, GA 53915"
507,"40958 Gloria Via, Mikebury, NE 70200"
507,
508,"785 Sims Spring Suite 332, Port Amberside, WV 22488"
508,"USNV Johnson, FPO AP 22077"
509,"417 Brown Burgs, New Blakestad, MA 32147"
509,"9511 Anthony Crossroad Apt. 971, Lawrenceview, MS 89799"
510,"Unit 8160 Box 8974, DPO AP 58033"
511,"36560 Stark Grove Suite 864, East Caitlinland, IA 12898"
511,"40471 Janet Plains Suite 709, Woodsborough, SD 56685"
512,"1128 Rodriguez Unions Suite 780, Michellefort, WV 44990"
513,"7041 Robert Springs Apt. 561, East Cassandraville, NJ 13323"
513,"03052 Diane Via Apt. 218, New Andrew, RI 52974"
514,"Unit 5932 Box 8169, DPO AP 94204"
514,"99359 Dawson Falls Apt. 280, South Theresa, IL 63217"
515,"499 Brown Underpass Suite 956, Port Robertborough, AZ 18804"
516,"Unit 4872 Box 9610, DPO AA 20348"
516,"7660 Braun Crossing Apt. 681, South Michelleland, MH 50185"
517,"99075 Brian Roads Suite 836, Patriciabury, AK 38652"
518,"35145 Alvarez Highway, Steinmouth, AK 89932"
519,
520,"16719 Ramirez Hills, Crystalton, FL 54771"
520,"USNS Shepherd, FPO AE 75170"
521,"47542 Lopez Centers Apt. 354, Andrewsland, NV 09844"
522,"45199 Davis Isle Suite 910, Lopezfort, LA 58354"
523,"PSC 0309, Box 6102, APO AE 17899"
523,"818 Michelle Square Apt. 614, Pamelaborough, IA 90268"
524,"2750 Young Turnpike Apt. 549, East Kara, VT 79540"
524,"PSC 7551, Box 6797, APO AE 83197"
525,"920 Anthony Turnpike, East Matthew, PR 79383"
525,"919 Myers Port, Knappfurt, NY 93063"
526,"810 Davis Ridge Suite 832, Harperstad, MD 09462"
527,"892 Melanie Throughway, Mejiastad, AL 48948"
528,"71459 Samantha Prairie, Port Jademouth, MO 83534"
529,"0931 Chambers Walks, Wilsonfort, TX 15441"
529,"76519 Long Courts Suite 867, Lynchmouth, VA 79464"
530,"575 Ronald Glens, New Dillon, KY 27798"
531,"4066 Frances Cape, New Michaelview, OR 27709"
532,
533,"85154 Bird Meadow, Joelland, CO 54574"
534,"54436 Smith Corners Suite 991, New Thomasside, NY 40221"
534,"525 Joshua Flats Suite 060, Kiddfurt, IA 62290"
535,"70066 Michelle Via Suite 666, Deborahmouth, WI 60737"
536,"97894 Young Curve Suite 413, East Brenda, FM 44191"
537,"Unit 8062 Box 6517, DPO AA 54436"
537,"699 John Shoals, Jennahaven, ME 81535"
538,"1200 Jasmine Junction Suite 704, Hendersonmouth, NE 67843"
539,"09771 Wiggins Hill, Lake Gregoryfurt, CO 45763"
539,"47574 Daniel Lock Apt. 222, North Cynthia, AZ 33469"
540,
541,"81919 Moore Dale, Campbellburgh, MT 80982"
541,"6180 Holmes Forks, Lake Juan, PR 35698"
542,"0014 Rachael Divide Suite 742, Sherrihaven, MS 49114"
542,"0219 Michael Cliff, Dianahaven, AR 61974"
543,"1040 William Club Suite 634, Jonesport, AL 36843"
543,"73188 Hoffman Drives, Lunaport, MH 19930"
544,
544,"55442 Madeline Trail, West Patrick, NY 29880"
545,"USS Haas, FPO AA 43845"
546,"4805 Kelsey Mills Apt. 435, South Sandra, ID 72273"
546,
547,"44368 Sandra Loop, Anthonyland, NH 79750"
547,"2999 Tiffany Lakes, Lake Daniel, TN 00606"
548,"2410 Chapman Prairie, Danielleborough, AK 96956"
548,"20313 Mary Haven, Wardberg, MO 28188"
549,"256 Kemp Flats, West Travis, WA 83897"
550,"620 Morrison Knolls, Christopherberg, AL 05111"
551,"191 Hernandez Passage Suite 007, North Brenda, CA 83103"
551,"0806 Wall Isle, Lewisside, GU 29963"
552,"91261 Richard Row Apt. 146, Glennmouth, MD 21403"
552,"748 Sandoval Branch Apt. 259, Moorebury, AR 28620"
553,"84548 Lambert Vista, Saundersfurt, VI 63469"
553,"71285 James Cliff Suite 348, Port Stephanie, CA 75543"
554,"8358 Brock Brook, Brittanyland, DC 84007"
555,"26961 Young Lights, South Lisa, AK 11415"
555,"903 Rich Groves Apt. 878, Hesschester, NJ 35984"
556,"18612 Hanson Ramp, Darleneport, PA 04943"
556,"368 Cathy Cliffs Suite 590, Harrisonhaven, FL 32680"
557,"5951 Candace Light Suite 250, North Angela, PA 20590"
558,"340 Natalie Ridges Apt. 744, Kevinborough, MT 79340"
559,"4544 Alan Trafficway Apt. 502, South Jennifermouth, WI 17916"
560,"49018 Joseph Common Apt. 413, Pamelamouth, NY 95191"
561,"2308 Katherine Walk Apt. 257, Stricklandport, SD 63256"
561,"61811 Robinson Haven, Port Cassiemouth, OH 06319"
562,"7208 Anthony Mountain Suite 063, New Christopherhaven, SC 92702"
562,"21627 Claudia Club, Katieshire, MT 86056"
563,"763 Freeman Estate, Lake Brianchester, AS 05750"
563,
564,"192 Alexander Camp, Jeffreyfurt, SD 68796"
565,"163 Elliott Port Apt. 561, Gregorychester, OR 54705"
565,"8353 Nathan Green Apt. 645, Jillianfort, HI 46915"
566,"8450 Kelsey Ridge, Lake Ashley, CA 66261"
566,"28778 Justin Prairie Apt. 536, Danielland, KY 59950"
567,"USCGC Lucero, FPO AP 08188"
568,"2698 Lopez Circle Apt. 534, North Tarachester, IA 07748"
569,"022 Lauren Fields, Andreashire, DC 67945"
569,"403 Johnson Mall, Lewishaven, FL 28981"
570,"3510 Sanchez Vista Suite 522, Robertsland, DE 69160"
571,"PSC 2802, Box 6827, APO AP 65572"
571,"682 Willie Garden Apt. 399, Coreyfurt, GA 23897"
572,"02959 Joseph Stream, Maddoxside, MO 87097"
572,"874 Waller Drive, Port Jessica, TX 78831"
573,"480 Davis Fork, Lake Brent, UT 41646"
574,"135 Becker Ways, East Randy, TX 24646"
574,"58953 Thompson Plaza Apt. 734, Butlerport, WV 19970"
575,"705 Young Oval, Wadeton, FM 62841"
576,"75867 Gonzalez Mall, Tylerchester, PR 65714"
577,"Unit 0963 Box 5210, DPO AE 39489"
578,
579,"2230 Nicole Forge, East Ray, PA 37040"
580,
581,"181 Michael Lodge Apt. 885, Mitchellchester, MS 47289"
581,"Unit 4407 Box 6530, DPO AA 73271"
582,
583,"621 Carter Drive, Port James, NJ 45470"
584,"5867 Rick Springs, Edwardstad, WI 73521"
585,"89507 Moyer Vista, West Franciscobury, TX 57868"
586,"1509 Matthew Trafficway Suite 624, Meganchester, PW 46908"
587,"Unit 1822 Box 2576, DPO AP 69158"
587,
588,"80195 Steven Gardens, North Sarah, SD 30923"
589,"56375 Garner Turnpike, East Lisa, NY 32567"
590,
591,"422 Jackson Ramp Apt. 524, Frazierburgh, NM 07691"
592,"849 Reed Lodge Apt. 392, West Linda, RI 46568"
593,
593,
594,"31401 Austin Summit Apt. 389, East Michael, FM 47625"
595,"Unit 0044 Box 3692, DPO AP 20340"
596,"44796 Robert Courts, Hannahtown, IN 41404"
597,"46843 Hall Crest Apt. 832, South Danielton, AS 98485"
598,"511 Warren Courts, West James, AK 66686"
599,"629 Cameron Crossing, North Nicole, NJ 66746"
600,
601,"Unit 9969 Box 3528, DPO AA 44293"
601,"PSC 4256, Box 2822, APO AP 74348"
602,"44301 Jimenez Mountain Apt. 401, Mccluretown, NC 30717"
602,
603,"637 Jacqueline Course Apt. 112, New Franciscostad, DC 83212"
604,"740 Johnson Estate Suite 755, Jaimefort, OR 57657"
604,"53226 Mitchell Groves Suite 690, Johnsonbury, OR 89778"
605,"185 Meza Pines, New Brian, MN 37203"
606,"789 Bell Isle Suite 129, South Ricky, NH 17349"
607,
607,"611 Kennedy Cape Suite 790, South Ian, AR 85284"
608,"496 Estes Mission, Haydenberg, VT 17360"
609,"347 Elizabeth Passage Suite 682, East Samanthachester, AS 95643"
609,
610,"598 Vasquez Gardens, Port Sydney, AK 69043"
611,"9368 Jennifer Curve, North Hannah, RI 35141"
612,"9033 Salazar Landing Apt. 761, Miketon, WA 91194"
612,
613,"988 Thomas Meadows Apt. 298, Bakermouth, VA 14604"
614,"53535 Townsend Lane Apt. 857, Danielburgh, MI 78961"
615,"USNS York, FPO AP 09337"
616,"55648 Danny Dam, East Danielside, VA 94639"
616,
617,
617,"963 Salazar Landing Apt. 993, Port Shirleyland, WI 72086"
618,"309 Owens Landing Suite 492, East Lindamouth, KY 98380"
619,"10110 Bailey Loaf, Collinsberg, MO 35395"
619,"465 Jessica Island, Ericchester, HI 06983"
620,
620,"1202 Ray Station Apt. 038, Torresberg, MO 27945"
621,"USCGC Neal, FPO AP 86140"
621,"USNV Price, FPO AP 64094"
622,"035 Johnson Burg Suite 336, Taylorberg, SC 73415"
623,"6238 Laurie Stream, East Jasmine, MH 83210"
623,"74746 Colleen Avenue, East Matthew, NC 66129"
624,"53005 John Lodge, Roberttown, CT 45351"
624,"769 Hale Squares, Port Whitney, MN 95806"
625,"63277 Johnston Stream Apt. 820, Deckermouth, VI 85601"
626,"550 Rebekah Drives Apt. 729, Dixonshire, DE 77666"
626,
627,"231 David Burg Apt. 766, Lake Lisahaven, RI 67137"
628,"50401 Martinez Gateway Suite 733, Amyshire, LA 72355"
629,"770 Webb Street Apt. 881, Kirbymouth, KS 08129"
630,
630,
631,
631,"1490 Thomas Locks Apt. 349, North Richard, WY 42999"
632,"1118 Gina Lights Apt. 344, Port Sharonberg, VT 51524"
632,
633,"7648 Hale Mills, Markberg, ND 26586"
634,"415 Angela Valleys Apt. 754, Jamesstad, VT 18127"
634,"2834 Norman Forge, Kathyside, KS 18776"
635,"914 Dudley Well, Lake Jennifer, WY 54996"
636,"05046 Elizabeth Row, Port Scottbury, WA 89966"
636,"9787 Nathan Shoal Apt. 209, Port William, FM 22291"
637,"75014 Anthony Club, South Susanton, OK 85972"
638,"2094 Michele Plains, West Chadport, UT 31008"
638,
639,"824 Moore Junctions, Port Alexanderfurt, CT 96393"
640,"83138 Obrien Locks, East Katherine, AZ 45671"
640,"6592 Holmes Orchard, Robertton, NM 93183"
641,
641,"624 Landry Island Suite 186, Bellfort, TN 79447"
642,"5839 Casey Loop, East Reneestad, CA 80447"
642,"26210 Rice Brook Apt. 618, Crystalchester, NY 95730"
643,"36519 Erika Vista, Zamoraland, IN 34800"
643,"21020 Bates Green Apt. 880, South Jamie, HI 86963"
644,"Unit 1376 Box 4265, DPO AP 46478"
645,"262 Hector Drive Suite 629, Tiffanytown, LA 63244"
645,"8866 Linda Ports, South Dustin, VT 97661"
646,"PSC 9981, Box 4813, APO AP 86823"
647,"689 Thomas Wells, Gayland, WV 79107"
647,"99163 Franco Trail, Ryanport, HI 84923"
648,
649,"Unit 4977 Box 3424, DPO AA 32915"
649,"3040 Conner Ports, East Amystad, IN 47406"
650,"6256 Autumn Extensions Suite 165, Jefferyfurt, ME 08739"
651,
651,"057 Susan Center, West Jamesshire, ND 61746"
652,
653,"16629 Baldwin Loop Apt. 068, Port Nicoleton, WA 65670"
653,"773 Young Isle, West Sarah, FL 91076"
654,"USNV Sanchez, FPO AE 42969"
655,"6859 Angela Corner Apt. 997, Michaelton, CO 15228"
656,"008 Hayley Ports, Johnville, NE 46202"
657,"058 Smith Inlet Suite 422, New Heatherberg, NE 97079"
658,
658,"6230 Leblanc Divide Apt. 280, Kristenborough, PR 41930"
659,"USNS Clarke, FPO AA 37172"
659,"0206 Reynolds Station Apt. 110, Port Sarah, MD 17618"
660,"605 Stephanie Views, South Kyle, ND 69108"
661,"14736 Janice Corner, Keithmouth, KS 84053"
662,"72521 Kevin Island, South Jessicaburgh, MP 32169"
662,"2558 Mcfarland Freeway, Sanchezmouth, MT 17708"
663,"9430 Timothy Trace Apt. 722, South Rickystad, OR 47965"
663,"102 John Land, East Charles, KY 28027"
664,"8693 Tammy Village Apt. 185, Donaldmouth, KY 31406"
665,"277 Andrews Street Suite 072, Marcusbury, RI 39344"
665,
666,"150 Andrew Stravenue Suite 711, Davidbury, MO 51839"
667,"13093 Jerry Lock Apt. 657, Guymouth, AR 06514"
667,"54352 Waller Grove Apt. 479, West Heatherbury, NC 88911"
668,"903 Kenneth Loaf, Danielleshire, NC 96223"
668,"Unit 0657 Box 2474, DPO AA 11659"
669,"8058 Michael Plaza Apt. 649, Port Pamelaport, RI 41166"
669,"668 Emily Green, Lopezburgh, GU 00892"
670,"52959 Charles Squares, Gentrybury, NM 99142"
671,"815 Johnson Ridges Apt. 562, Delacruzmouth, CA 17424"
672,"14040 Christina Ferry Apt. 224, Stephensborough, NH 35070"
673,
673,"USNV Hall, FPO AE 44801"
674,"6290 Smith Valleys, Stephensonfurt, PA 84719"
675,"PSC 7125, Box 6618, APO AA 13547"
675,
676,"1514 Tiffany Estates Apt. 692, Rogersmouth, WY 06165"
677,"10051 Jenkins Falls, Johnsonfort, DC 49247"
677,"51973 Owens Branch Apt. 171, Lake Devonbury, NE 81586"
678,"053 Tonya Glens, Livingstontown, NE 13190"
679,"3605 Brooks Inlet, Campbellburgh, NC 95814"
679,"16161 Marcus Landing Suite 831, North Rosschester, MP 11556"
680,"USS Roberts, FPO AA 98738"
680,"31971 Stewart Port, Port Stevenmouth, NJ 14120"
681,"949 Hardy Mission Apt. 321, Marktown, CO 21672"
681,"0871 Bethany Plains Suite 408, South Glenside, MI 34779"
682,"8084 Mendez View, North Saraview, FM 19661"
683,
684,"206 Taylor Wall Apt. 819, Hobbshaven, FL 32483"
685,"18157 Brian Tunnel Apt. 429, Lindashire, SC 17881"
686,"07829 Phillip Crest Apt. 897, Port Scottshire, KS 60612"
687,"6939 Michelle Mountain Suite 648, West Brent, GU 73836"
687,"92608 Romero Haven, Hoffmanside, MO 76134"
688,"9583 Jerry Summit, South Alyssashire, ID 62067"
689,"355 Brittney Radial, North Angela, GU 44357"
690,"834 Joseph Harbors Suite 451, Keithhaven, MS 10913"
691,"254 Tammy Rapid, Michealshire, MN 17404"
691,"9055 Emma Lane Suite 141, Robertsonberg, UT 95839"
692,
693,"3374 Katie Tunnel, Port Shannonshire, ND 17241"
694,"515 Timothy Street Suite 749, South Scott, AZ 90378"
695,
695,"0103 Angela Wells, Snyderside, OR 00622"
696,"36481 Deborah Road Suite 787, East Louisberg, LA 55654"
696,"4731 Travis Turnpike, Johnside, CA 00763"
697,"10638 Christopher Plaza Apt. 435, Tiffanybury, SC 15520"
697,"7707 Garcia Manors, Markhaven, PR 64248"
698,"006 Green Track, West Jacquelineview, TX 16682"
698,
699,
700,"500 Kim Dam, North Kristenside, IL 45155"
701,"681 Wyatt Inlet Apt. 562, Brianhaven, PR 69623"
701,"1885 Diaz Mountain, West Justin, GU 50506"
702,"USNS Smith, FPO AE 70427"
703,"7390 Henry Avenue, Trevorland, WA 27931"
704,"749 Monica Shores Suite 441, West Melindafurt, MH 42562"
705,"21061 Rebecca Mission Suite 155, New Kimberly, UT 11811"
706,
706,"605 Smith Ranch Apt. 349, Floresburgh, IN 13912"
707,"21102 Rodriguez Ridge, Port Ashleyview, MD 13881"
708,"1756 Bowen Extension, Josephville, AZ 26247"
708,"Unit 0001 Box 4700, DPO AP 82374"
709,"71598 Stephanie Pine, Lopezbury, AS 87205"
709,"30460 Krystal Loop Suite 813, Samanthaborough, MP 15560"
710,"USS Clayton, FPO AP 40727"
711,"71749 Vargas Valleys, South Michelleland, FL 70549"
712,"Unit 8196 Box 8094, DPO AE 03792"
712,"390 Justin Knolls, West Michelle, NM 60235"
713,
713,"3931 Ashley Fields Suite 440, East James, OK 27939"
714,
715,"PSC 7853, Box 7063, APO AE 07960"
716,"61303 Andrew Heights, Port Amanda, CA 64683"
716,
717,"551 Greg Drive Suite 587, West Kayla, MN 36865"
718,
718,
719,"PSC 9039, Box 9961, APO AE 97544"
720,"673 Kristina Springs Apt. 317, Amandaberg, MP 87064"
721,"PSC 3433, Box 7212, APO AE 04720"
722,"6901 Mayer Common Apt. 151, Johnsonchester, UT 54528"
723,"80954 Dunn Ford, New Ashleyside, UT 07399"
724,"1620 Christopher Mountains Suite 272, Shelbyshire, WV 33811"
724,"475 Watson Street Apt. 678, New Jenniferburgh, LA 40590"
725,"82984 Robin Street Suite 042, Thompsonborough, VT 22873"
725,
726,"PSC 3584, Box 5469, APO AA 22529"
727,"6881 Erika Fort, East Keith, PR 29310"
728,"130 Stephen Via Suite 873, Millerville, NE 71793"
729,"192 Burton Wall Apt. 420, Cruzmouth, HI 79274"
730,"153 Farrell Run Apt. 790, North Danielfurt, MO 31660"
730,"40433 Barnett Points Suite 943, New Karen, MT 36168"
731,"USNS Davis, FPO AA 99475"
732,"PSC 4335, Box 1345, APO AP 38496"
733,"957 Green Fork, West Rachel, UT 15243"
734,"45343 Miller Ways Suite 819, Lake Michael, DE 40622"
734,"117 Goodwin Forks Suite 689, Stephanieland, DE 38333"
735,"29576 Nguyen Fort Apt. 342, West Brianton, KY 72343"
736,"09483 Dana Mountain, West Anthony, HI 84652"
736,"293 Patterson Fords, Kochmouth, ID 35376"
737,"637 Nancy Greens Apt. 084, Jamesside, TX 66584"
738,"5249 Hernandez Centers, South Natalie, RI 61463"
738,"019 Natalie Lodge, New Jasmine, SD 88184"
739,"66838 Powell Springs Suite 860, Port Markside, MT 66928"
739,"04498 Johnson Spurs Suite 333, New Ann, WV 11524"
740,"41390 Harvey Hill, South Jamesmouth, TX 97542"
740,
741,"08525 Rodgers Burgs Apt. 582, Ambermouth, MA 47652"
742,"106 Sarah Walks Suite 767, Jenningsfurt, MO 98907"
743,"6966 David Mountains Suite 664, Gonzalezhaven, OH 32809"
744,"53480 Smith Station, Woodsville, AR 10035"
744,
745,"1971 Jason View, East Alexis, TX 89013"
746,"93735 Andrew Cape, New Brandonmouth, MD 88929"
746,"80481 Montes Course Apt. 691, Port Danny, CT 27946"
747,"2099 Johnson Fall Suite 866, New Eugene, TX 09849"
748,"7751 Wheeler Fall, Jesusport, NE 78472"
749,"4587 Morgan Brooks Suite 593, West Jonathan, MP 60074"
750,"692 Jessica Plaza Apt. 588, Paigebury, VA 51711"
751,"01613 Rachel Shoals Apt. 919, Lake Johnmouth, OK 62986"
751,"9474 Peterson Islands, Lake Jill, MT 70833"
752,"0758 Erica Pines Apt. 329, Kristinport, WA 90951"
752,"Unit 5960 Box 5392, DPO AA 34649"
753,"047 Brown Manors, East Jennifer, TN 96778"
754,"8084 Vanessa Skyway, Mitchellshire, WV 35845"
754,"05284 Michael Squares Suite 365, Davisland, MA 23819"
755,"7885 Bailey Loaf, North Michael, MN 82657"
756,"10891 Maria Camp Suite 915, Jenniferhaven, PR 44273"
756,
757,
757,"995 Ashley Walk Apt. 795, Valdezstad, PA 87428"
758,"2041 Rivers Land Apt. 510, East Gabriel, AL 08905"
758,"78007 Porter Inlet Apt. 736, Bishopmouth, PA 14484"
759,
760,"73712 Haley Rapid, Joshuaburgh, MD 22869"
761,"155 Joshua Pine Suite 081, Moniquefort, AR 18541"
762,"Unit 8135 Box 9164, DPO AE 30551"
762,"0432 Marks Pines, Herreraburgh, GA 13933"
763,"9442 Angela Lane Apt. 249, Kevinberg, MO 78859"
764,"USNS Cooper, FPO AP 29445"
764,"USS Fisher, FPO AP 57757"
765,"USNS Martin, FPO AA 28118"
765,"Unit 9314 Box 2157, DPO AE 22376"
766,
767,
767,"Unit 0835 Box 8336, DPO AE 91582"
768,"476 Bryan Rapids Suite 867, East Thomas, MD 79443"
768,"3567 Crawford Parkway Suite 595, Matthewstown, SC 20659"
769,
770,"PSC 6307, Box 6214, APO AE 58811"
771,"834 Karen Knoll, Jamieshire, DE 31790"
772,"4564 Cody Villages, Brentside, CT 07861"
773,"USNV Hernandez, FPO AA 46177"
773,"07044 Jarvis Oval Suite 002, West Annamouth, CO 36289"
774,"24599 Ramirez Land Suite 883, Jamesstad, WI 10090"
775,
776,
776,"USNS Bruce, FPO AA 77673"
777,"USNS Knight, FPO AP 86062"
777,"091 Tony Parkway, Anneview, NY 56240"
778,"393 Sullivan Ferry, Nicholshaven, GA 19091"
779,"PSC 6219, Box 8748, APO AE 82626"
780,"041 Richard Glens, Brianshire, MS 47951"
781,"56717 Susan Prairie, South Kellyburgh, SC 17366"
781,"32475 Teresa Mission Apt. 911, East Justinchester, IN 40650"
782,
783,"574 Travis Drive, Brownbury, AL 82598"
784,
784,"1701 Kylie Rue Suite 508, Port Paul, CO 36897"
785,"59428 Yang Bypass Apt. 331, Kellyfort, VI 13172"
785,"PSC 2835, Box 6178, APO AP 55357"
786,"PSC 8293, Box 0733, APO AE 98538"
787,"871 Wong Drive, Josephville, NH 15504"
787,"6932 Smith Brooks Apt. 655, Davisburgh, OK 33764"
788,"8131 Erik Mall, Lake Ronaldberg, MO 40500"
789,"1305 Brown Turnpike, West Randy, WV 96122"
790,
791,"520 Calderon Ferry Apt. 633, New Huntershire, CA 30530"
792,"56682 Harper Stream, Mackfurt, OH 71167"
792,"USNS Lloyd, FPO AA 26826"
793,"PSC 7930, Box 2549, APO AE 85880"
793,
794,"918 Ronald Junctions Apt. 985, East Mariafurt, MA 51455"
795,
796,"8065 Kathleen Curve Suite 482, Port Larry, VT 23026"
796,"544 Jessica Trafficway Suite 249, Martinezmouth, IL 12644"
797,"745 Brandi Summit, Torresbury, MO 47605"
797,"559 Morris Landing, Lake Christopherview, IN 85149"
798,"71968 Smith Points Apt. 716, West Christineborough, MO 29395"
798,
799,"PSC 0925, Box 9980, APO AP 83805"
799,"134 Anderson Plains, Dominiquefurt, VT 80353"
800,"36897 Peter Village Suite 101, Lake Michele, MP 41105"
800,"3735 Thomas Crescent Suite 628, Poncechester, FL 82844"
801,"40373 Jackson Cape Apt. 289, North Robert, KY 32536"
802,"996 Derrick Spur Apt. 569, East Christopher, GA 32840"
803,"609 Cooper Burg Apt. 544, Dylanfurt, HI 95891"
803,"6261 Lewis Trail Suite 366, Kaiserfurt, TN 12341"
804,"847 Morris Lights Suite 087, Christinaton, AK 86522"
805,"372 Franklin Fall, Carterland, MD 98921"
806,"3108 Davis Fields Apt. 240, New John, HI 35412"
806,"80534 Daniel Coves, South Sheilatown, CT 03108"
807,
807,"3197 Shelton Springs Apt. 859, North Lisa, NE 86372"
808,"85613 Christina Streets, Robinfurt, KS 14572"
808,"1287 Reid Landing Apt. 375, North Lisa, WA 55828"
809,"48520 Ramirez Dale Apt. 064, Martinfurt, MT 73939"
810,"66013 Kimberly Islands Apt. 883, Kathyland, TX 08496"
811,
812,"0717 Bennett Route, Lake Cynthia, HI 01109"
812,"626 Johnson Summit, Lake Christinaview, NJ 49768"
813,"Unit 7607 Box 8930, DPO AA 02232"
813,"3734 Monica Trail Suite 729, New Mark, TN 94922"
814,"382 Evans Forge Suite 602, Nicholastown, DE 72464"
815,"2024 Davis Shore, Lake Christinaside, MS 79773"
816,"161 Campbell Brooks Apt. 937, East Mark, MH 62268"
816,"049 Brandon Station, Hugheston, SD 37021"
817,"133 Andrew Street Apt. 130, Laraport, IN 36113"
817,"0877 Roger Parkways Suite 120, Terrimouth, HI 17646"
818,"5852 Montoya Falls, Gravesstad, VT 53159"
819,"66916 Connie Mountains, South Amandamouth, CA 05212"
820,"446 Francis Union Apt. 057, Warrenside, MP 31074"
820,"07647 Maria Freeway, Georgefurt, NE 78753"
821,"428 David Lane, Colemanland, RI 65865"
822,"913 Scott Views, West Kirsten, OK 04952"
822,"14608 Brock Junction Apt. 594, New Mary, VI 23161"
823,"8109 Joshua Islands, Kaylaside, NE 77851"
824,"31863 Jacqueline Walk, New Laura, WY 49303"
825,
826,"079 Eric Causeway Suite 341, Meganberg, SC 74771"
826,"355 Tammy Trail Suite 286, Lake Bradleybury, SC 97660"
827,"8889 Edward Way Suite 487, East Antoniostad, PA 84137"
828,"4905 Brittany Hill Suite 969, Lake Meagan, MS 61457"
828,"6912 Williamson Cliffs, Thompsonport, MH 03571"
829,"USNV Lee, FPO AA 24352"
829,"322 Ashley Fort, North Janetburgh, DE 64255"
830,"Unit 8841 Box 2947, DPO AA 72025"
831,"294 Cooper Pines Apt. 197, Smithport, ME 21910"
831,
832,"80535 Allison Forge Apt. 744, East Michaelland, MH 56463"
833,"11051 Victoria Lake Apt. 661, North Joseph, TX 40753"
834,"5696 Gomez Ridges Suite 685, Conwaymouth, NV 04113"
835,"4982 James Light Apt. 314, East Lisa, WA 64212"
835,
836,"45627 Gregory Well, Abigailport, MA 08863"
836,"52923 Maria Wall, South Garyfurt, MI 87309"
837,"133 David Islands Suite 078, North Craigberg, AL 92712"
838,"12402 Knight Hollow Apt. 476, Clarkmouth, IA 55029"
838,
839,"82389 Jerome Brook, Sanchezport, AR 80960"
840,"3783 Burns Glen, Rodriguezberg, AK 46273"
840,
841,"226 Washington Pike, Dickersontown, AS 29700"
842,"6829 Joseph Mountain Suite 397, East Ericmouth, CO 07033"
842,"Unit 0355 Box 3115, DPO AA 57491"
843,
844,"54209 Andrea Vista, Alexview, FL 45749"
844,
845,
846,"33452 Pierce Burg Apt. 129, Michaelstad, WI 06290"
847,
848,"2256 Evelyn Trafficway, Lisafort, OH 81954"
848,"PSC 3546, Box 4216, APO AE 31970"
849,"4770 Mark Turnpike, West Andrew, IA 91745"
849,"7552 Tina Curve, Scottville, WV 18229"
850,"326 Samantha Ville, Port Justinberg, ND 43981"
850,"2227 Taylor Burg Apt. 669, Willisbury, ID 61228"
851,"5022 Brown Greens Apt. 330, West Steven, AZ 28740"
851,"492 Savage Bridge Suite 950, Port Rodney, UT 34120"
852,"38840 Edward Point Suite 677, Henryhaven, KY 32504"
852,"PSC 7374, Box 6520, APO AP 62503"
853,"017 White Falls Suite 954, Estradaland, WY 96973"
853,"475 Stein Brooks, Donnaton, PW 70131"
854,"5464 James Place Suite 542, Josephside, SD 18267"
855,"83267 Pena Motorway Suite 710, East Barry, OK 47464"
856,"18208 Mitchell Gateway Suite 941, Kimberlyborough, VT 54857"
857,"4298 Juan Pike Suite 625, Port Johnnytown, OK 45363"
857,"0091 Francisco Junction, West Kevinport, MH 21149"
858,"9785 Pineda Fork, East Briannaville, IA 69620"
858,
859,
859,"USNV Miller, FPO AA 18018"
860,
861,"3558 Estrada Port, Trevorton, DC 92838"
861,"4970 Smith Meadows, Kingborough, IA 54565"
862,"543 Walker Meadows, Sarahstad, KY 86672"
863,"02431 Trujillo Stream, Nicholasfurt, MS 09510"
864,"76351 Hill Mountain Apt. 901, East Jamesfort, KY 03489"
864,"899 Smith Square, South Julie, DC 33070"
865,"057 Joshua Key, Lopezton, OH 11603"
866,"012 Todd Harbor Apt. 212, New Brucefurt, IA 94365"
867,"9181 Yates Drives, East Zacharyland, GA 17004"
868,"933 Navarro Summit Apt. 177, Seanton, AZ 17503"
868,"3071 Marc Roads, New Geraldhaven, GU 53524"
869,"75969 Bentley Rest Suite 217, Stanleyport, MP 09057"
870,"655 Velazquez Knolls, Thomasview, VT 38080"
870,"7869 Shepard Mills Apt. 763, Lake Andreaport, WV 52227"
871,"5743 Smith Road, North Rebecca, TX 21619"
872,"8728 Jones Road Apt. 752, Hopkinstown, NY 41544"
872,
873,"1769 Katie Road, Port Robertmouth, MT 58613"
873,
874,
874,"5311 Joshua Mission, Lake Brettfort, WV 79986"
875,"905 Rodriguez Pine Suite 006, Lake Scott, GA 26173"
876,"582 Darrell Drive Apt. 455, Buckleyview, MO 62218"
877,"033 Michael Route Suite 075, Jamieside, IN 85687"
877,"8996 Miller Flats Apt. 441, West Thomas, WV 79085"
878,"100 Williams Park, South Nicole, CA 18996"
879,"339 Spencer Union, Port Megan, ND 63776"
879,"87616 Tracy Crossroad, South Karamouth, WI 87789"
880,"1836 Myers Garden Suite 828, South Robert, NM 15702"
880,
881,"2787 Chan Rue Suite 917, Jeremyton, CT 81346"
881,"Unit 7425 Box 7533, DPO AA 51968"
882,
882,
883,"90243 Olson Trafficway Suite 743, Ericbury, FL 12965"
883,"6734 Perez Flat Apt. 057, Knoxburgh, CT 75711"
884,"47781 Ramos Trail Apt. 594, Snyderberg, IL 81548"
884,
885,"8459 Santiago Walks, Martinmouth, DE 89971"
885,"Unit 3231 Box 0290, DPO AA 29456"
886,"7027 Lowery Glen, Jonathantown, NY 56025"
887,"64747 Nancy Plain, South Christophertown, AL 25423"
888,"9674 Edwin Island, North Michael, OR 33075"
889,"92288 Laura Knoll, Lake Madisonview, PR 98878"
889,
890,"016 Adrian Manor, New Allisonland, MO 52325"
891,"2849 Robert Ford Suite 096, South Bruceshire, GA 14411"
891,"6973 Jennifer Inlet, Port Markport, CT 53246"
892,"484 Robin Bypass, New William, MT 79039"
893,"90961 Newman Lane Suite 497, Kennethville, PW 77036"
894,"628 Heather Skyway, Whiteheadville, TN 85884"
894,"367 Kelsey Mission, New Andrew, CO 68035"
895,
896,"11262 Spence Walks Apt. 070, New Sandra, SD 57167"
896,"74404 Tammie Drive, South Patrick, IA 99538"
897,"36226 Guerrero Mill Apt. 423, Gonzaleston, IA 01920"
897,"64876 Jennifer Ferry Apt. 887, West Gerald, OR 68619"
898,"9924 William Union, Deannaburgh, TX 60562"
898,"678 Michelle Knolls, North John, OR 64745"
899,"570 Trujillo Extension Suite 153, Reedshire, FL 71272"
900,"96077 Brian Dale, Zacharybury, PR 66343"
900,
901,"USNS Wagner, FPO AA 52379"
901,"941 Reeves Course, North Lauren, OR 05520"
902,
902,"9373 Phillips Corner, South Stephanietown, ID 65337"
903,"21207 Keith Village Suite 528, Richardsonbury, IN 23712"
903,"82378 Elizabeth Neck Suite 444, Teresafurt, GU 76136"
904,"Unit 4307 Box 6239, DPO AE 18111"
905,"942 Rachel Fort Suite 222, Port Taylorton, MS 66086"
905,"141 Bruce View, Morrisport, MS 76078"
906,"6986 Williams Forks Suite 900, Port Aprilfort, UT 70921"
907,"936 Carroll Falls Suite 178, Eileenberg, OK 77480"
907,"0774 Hill Loop, New Jessicaburgh, MN 94539"
908,"548 Aaron Alley Suite 690, Georgeshire, CO 73772"
909,"2415 Megan Hills Apt. 414, Samanthaberg, IN 36565"
909,"4613 Rachel Mission Apt. 119, Port Angelaton, MN 51700"
910,"163 Nina Stream, West Kristopherburgh, OK 03066"
911,"041 Curtis Glen Apt. 485, Hernandezport, MA 61930"
911,
912,"95649 Wendy Pines Apt. 337, South James, MN 10419"
912,"PSC 9324, Box 6856, APO AE 27549"
913,
914,"USNS Giles, FPO AE 70090"
915,"3114 Lucas Row Suite 019, Lake Lindsayburgh, NM 16522"
915,"2399 Jones Forge, Lisachester, IA 51148"
916,"7867 Lawson Turnpike, West Amber, WY 38606"
917,"392 Kenneth Cape Apt. 527, East Lauren, UT 80994"
918,"Unit 2636 Box 0063, DPO AA 64064"
919,
919,"4549 Sarah Junction, Moorechester, PA 34507"
920,"USNS Knox, FPO AA 04961"
921,"681 Kristen Springs Apt. 084, Riverafurt, VI 08262"
922,"71608 Morales Oval Suite 607, West Jennifer, TN 05580"
922,"4061 Amanda Mountain, Michaelborough, AS 00840"
923,"3790 Davis Stravenue, Lake Dana, CA 82572"
923,"PSC 7674, Box 4527, APO AP 36033"
924,"440 James Brook Suite 333, North Robin, NY 57500"
925,"23437 Craig Ports Suite 903, Vanessafurt, AS 92206"
926,"036 Vanessa Key Suite 750, Mathisborough, VA 77818"
927,"USS Hull, FPO AP 42717"
928,"692 Foster Forks Apt. 876, Sandersberg, GA 81446"
928,"140 Blake Cliffs Apt. 075, South Billy, NH 66161"
929,"539 Ashley Courts, Aaronland, OK 46564"
930,"140 Monique Ferry Apt. 953, Sheenafurt, AZ 64736"
930,"72350 Debra Roads Suite 015, West David, NM 44998"
931,"94456 Gabriel Loop Suite 834, East Shannon, MN 49681"
932,"177 Kathy Mount, East Lisafort, NV 92279"
932,"87163 Pena Track Apt. 624, Lake Robertborough, ID 48683"
933,"457 Vaughan Bypass Apt. 597, East Vincent, FL 31242"
933,"0495 Nichols Landing Apt. 191, West Dustin, SC 51341"
934,"28074 Bartlett Square, Spencerborough, OK 72535"
935,"65313 Snyder Islands, South Deborahland, RI 99129"
936,"910 Whitney Station, Christopherfurt, WY 30031"
936,"98511 Ryan Turnpike Apt. 420, Christineville, OH 49128"
937,"85817 Alvarado Glens, New Mariamouth, OH 15872"
938,"58848 Katherine Village, Bobbyton, GU 88650"
939,
940,"2162 Nicole Cliffs, West Jason, DE 21786"
941,"USNV Mcbride, FPO AE 42590"
942,
943,"140 Thornton Plains, New Aaronstad, VA 40609"
944,"179 Jim Overpass Suite 262, East Markland, ND 16351"
945,"21786 Roth View Apt. 273, Henrymouth, MT 49861"
946,"2707 Mendoza Gateway Apt. 779, Pachecofurt, OK 84874"
946,"338 Diana Shoal, Allenfort, CT 68958"
947,"5678 Timothy Locks Apt. 041, Suttonmouth, WI 99765"
947,
948,"81965 Gonzales Flats Suite 410, Andrewschester, IA 66893"
948,"526 Linda Hill Suite 665, New Toddtown, LA 17852"
949,"0396 William Gateway, Dianaberg, CO 43051"
950,"2638 Duarte Island, Allenfurt, CT 36855"
951,"USCGC Taylor, FPO AE 67545"
952,"PSC 1660, Box 3006, APO AA 13842"
953,
953,"809 Michael Overpass Suite 626, New Josephburgh, MH 74556"
954,"0401 Mason Mills Apt. 921, Port Danielle, MD 60503"
955,"1290 French Street Suite 601, Pamelaview, IL 69760"
956,"8448 Chapman Vista, West Michaelmouth, NH 02092"
956,"663 Simpson Pass, Guzmanmouth, PW 42488"
957,"129 Scott Harbor, Nathanton, FL 53501"
957,"5579 Howard Radial, Christinehaven, UT 96038"
958,
958,"314 Reed Highway Apt. 220, Gonzalezstad, NV 20039"
959,"09040 Robert Burg Apt. 208, Davidberg, WV 37813"
959,"575 Margaret Locks, North Justinshire, AZ 43202"
960,"2753 Patricia Forks, Justinchester, MS 58029"
961,"66977 Kevin Parkway Apt. 711, North Cynthiafort, MO 12804"
962,
963,"Unit 4431 Box 6020, DPO AA 01718"
964,
965,"PSC 9564, Box 6786, APO AA 39585"
966,"266 Timothy Ridges Suite 642, Lesliehaven, IA 92450"
966,"8711 Ibarra Freeway, New Robertview, MT 61231"
967,"55061 Brooks Drives, North Philipland, OR 91006"
967,"3915 Lane Drives Apt. 356, North Richard, CA 30839"
968,
968,"76382 Sonya Road Apt. 438, Lake Michael, AS 69569"
969,"33574 David Ford, Heatherbury, VI 90570"
969,"959 Robert Well, New Samuelstad, VI 35352"
970,"36281 Haynes Flats Suite 575, Toddfurt, CT 23003"
970,"USS Solis, FPO AP 38268"
971,"6089 Herman Streets, Jorgechester, IN 95859"
971,"64350 Thomas Circles Apt. 352, Samuelshire, ND 98595"
972,"65189 Neal Port, Hortonport, LA 70691"
973,"0092 Tonya Land, New Joseph, PR 26325"
973,"55909 Glenda Underpass, Roweland, NJ 08656"
974,"1657 Kelly Via Apt. 203, Port Brianna, IA 58245"
974,"83137 Barton Estates, Juarezberg, MN 22899"
975,
975,"32969 Joe Keys Apt. 687, Ramseymouth, PR 17249"
976,
976,
977,"USNS Simpson, FPO AA 96722"
977,"468 Vance Springs Suite 633, Morrismouth, MH 68860"
978,"3457 Klein Cliff, Longfurt, IN 59063"
979,"Unit 4530 Box 3804, DPO AP 77230"
979,
980,
981,
981,"1955 Thomas Parks, West James, CO 21427"
982,"1457 Carol Tunnel, Jillmouth, TN 94294"
983,"2274 Davenport Valleys, Frostville, CO 96766"
984,"2364 Newman Mountain, East Allenburgh, AS 18488"
985,"8577 Jason Points Suite 473, New Diana, MA 01725"
986,"809 Mcgee Rue, Steventown, AR 73293"
987,
987,"Unit 9511 Box 4319, DPO AP 61365"
988,
989,"8882 Michael Road, Sheltonfort, UT 40123"
989,"65195 Valdez Circles Suite 465, East Andrew, FM 44848"
990,"843 Coleman Vista, Lake Steven, FL 51988"
991,"251 Emily Isle Suite 476, Mooretown, NV 73544"
991,"706 Andrews Wells Apt. 575, Port Michaelview, NJ 99409"
992,"4553 Travis Views Apt. 768, Port Jeremy, WY 08319"
992,
993,"78966 Wood Ranch Suite 435, Wrightview, OH 91614"
993,"PSC 0496, Box 2129, APO AP 15946"
994,"85430 Cordova Vista, North Rachel, AR 69638"
995,"392 Michael Mall, Adamton, NY 34255"
996,"20720 Leah Drive Apt. 852, Adamsfurt, WI 80588"
997,"43492 David Highway Apt. 863, Port Matthew, VT 19719"
997,"989 Carolyn Island Apt. 064, Vanessaburgh, IL 34957"
998,"796 Wood Lodge, Jacquelineside, LA 09334"
999,"PSC 6785, Box 2228, APO AA 77303"
1000,"95274 Flores Flats, Daviestown, AS 77221"
1000,"812 Larry Radial, Port Kaylabury, MP 56019"
